,Energy
2,536.3334066204193
4,520.9189651433088
6,512.9023054393612
7,504.17921967888776
8,464.8914915170755
15,465.1308834709992
20,477.419209778212
28,460.41969822003824
32,472.7083445630634
36,455.0164764194703
46,425.7855389140443
54,463.4130267749864
55,455.84588441822706
73,460.47742141138184
91,473.28184804566683
98,467.66988345426205
104,478.5560495472725
107,431.8719214066524
110,431.15798183286995
115,453.2353993465621
117,443.12585656100106
128,464.6294332460692
129,465.6230263115961
143,453.5502999975417
148,468.30904046763595
152,411.7087181995358
153,411.66302684801957
154,427.25124585515056
158,418.20771388744004
166,453.0898134006263
169,449.9459207409476
171,420.4731521428465
177,473.6811110146983
189,465.27264810157834
190,467.2786496790531
197,480.9315053073978
201,530.9195089475777
203,475.8662732683504
204,459.48523444640824
207,429.9209783676869
209,415.32029348906804
215,420.9342073138519
223,468.8263047763889
224,455.55470346221244
236,466.65781128602055
240,493.8150054140026
248,467.02780009143663
256,478.1404769476848
260,466.54364087731074
261,456.497580845753
267,472.9963670684011
271,415.61229176688727
272,422.673650529622
286,412.96131445367274
301,420.53928635587755
309,456.66854402349816
320,467.6224563587373
325,466.7548210845877
334,426.77973451929006
337,411.64244821777834
340,414.4799747039124
358,458.3153253014953
361,465.13894414400283
375,463.960519596086
376,476.92708986422906
378,459.8731624722214
385,430.3266514205131
386,412.1156614562671
388,437.6899603018253
391,429.02940145659545
402,444.75714018864244
413,480.97811563346585
414,494.33676834095166
417,478.65611791962897
427,486.4839106849762
432,469.5241132831585
435,456.24787094736206
455,411.634698012118
461,430.1612023872515
465,456.253850788002
474,465.33095596540187
489,473.8469997247152
496,467.0048426868318
498,457.51600779403975
501,472.55731843182787
504,444.06559262569573
505,426.88828543931
509,411.7959893097459
517,412.0274046442422
524,411.6329383808842
528,418.33080740876227
531,448.8885409173312
537,473.19426123229925
544,466.8432675995146
546,462.822176529012
562,472.3219115803435
578,428.6457190221352
582,446.7445264555351
583,452.1906573652537
584,453.496754338554
594,418.77222246925874
595,478.10618926818427
598,463.97126285087774
612,466.8003293479829
616,476.08666153916295
618,464.65670268277756
625,472.0663196920939
642,427.7981059470378
643,426.26466898373343
644,434.2925100654024
647,457.1133434272839
649,446.88414690731815
653,450.1537632893302
661,469.4139363503169
667,472.76685982595455
669,446.6605696441554
670,486.0903562163075
674,460.42156352764295
675,471.0791573055036
680,452.7620360921352
685,467.86784357187963
687,478.89053777191043
693,473.02972453500547
694,464.9959496163087
697,517.4409725466277
700,522.2019993549955
707,417.05614314220963
709,418.1741289693291
719,456.44354461592934
735,463.0470642424097
737,476.2813919046555
738,450.22732675853797
751,464.3003149844719
753,466.6090905377283
759,520.659714156468
779,455.6778704950252
782,446.75267187489476
785,439.20704322514115
791,465.0327346104799
792,475.98031135701683
805,468.0535408742018
813,500.97101286987896
819,424.79856857139606
826,429.8771695332732
827,417.5418178445852
831,462.6147622713562
832,451.75033924796406
837,450.6246242396345
851,464.0377939439353
862,450.14798206524864
863,473.29466288512236
865,432.0300789765291
871,430.8530631485987
874,448.03381226633945
877,453.43808702355904
883,475.7407224875254
884,459.73771637414967
889,494.35213267279835
895,469.3922059094387
909,466.4727091664291
928,417.52495107709694
930,415.9978787310804
932,434.6180703030242
934,418.8785099623113
942,431.07336785005
951,456.7177614356271
955,415.23057339263727
957,463.173556188547
967,422.92479408286584
969,472.5962151139557
970,468.2652106805436
976,520.5060087273375
977,510.9062006986829
979,411.4610724708295
982,431.5982255782052
983,415.47550679349905
991,435.7493321326793
992,428.0048584084149
994,451.72850401510556
998,430.46429862363095
1000,411.55880552932257
1001,414.1725325397018
1005,439.02352199340453
1006,411.65103505891716
1010,437.6259633750329
1012,412.7186437286353
1022,457.9954733210433
1023,455.6999470150033
1025,452.52298166504875
1028,452.89125794155825
1030,452.23048017513395
1031,448.5591284750794
1033,448.1380181678521
1036,461.90530776397395
1038,446.83132662212086
1039,448.7253226851617
1041,457.13135200487136
1042,451.24137401655156
1043,447.8382123522363
1044,449.76300078978227
1046,451.63603657928223
1048,425.74212152066184
1049,454.5299856949204
1051,448.26401633658867
1054,505.29346251611463
1056,505.58788457932934
1058,442.95430818110776
1065,452.76654436796247
1067,435.02162961560913
1075,417.0547633111503
1078,413.22678227771064
1088,413.8552712570288
1089,422.91002100504915
1090,423.0528860891876
1095,421.28707481820464
1098,465.91303047497007
1099,455.13304393261717
1100,467.34212321974627
1102,465.57576575002315
1103,466.5657146334536
1105,466.27151959216104
1108,462.52955595549236
1111,480.3575655977803
1114,473.4207818504746
1117,474.6510561793925
1126,447.41390659632685
1127,473.55309461720685
1128,468.16692444322797
1133,466.17373340113346
1135,462.2167269365426
1137,457.9077330297184
1143,470.9536192680072
1146,472.4013984909641
1149,467.7770639891077
1153,471.1938189872031
1156,447.499610896612
1158,466.4869700782416
1166,472.0047029511558
1169,463.20947430001473
1170,474.9370712268248
1174,465.46622122108715
1177,465.57324452654507
1178,464.54903215011285
1181,505.14657162873016
1182,466.1767196531718
1184,487.8076077531245
1186,516.882729085627
1188,511.5930361023221
1189,517.1683460076754
1190,503.34934401019103
1192,516.0217119359241
1194,524.0890329214288
1197,524.8234780711105
1206,456.1913441101674
1207,447.8424306178232
1209,439.14884470495605
1211,465.0649506628736
1218,467.5162789033054
1219,467.36701380000727
1222,458.46825840657016
1224,411.88347325113085
1231,425.0215833163029
1234,433.0052870318665
1240,428.65500264538224
1241,436.8400091234118
1246,423.4819358913023
1248,412.737031336255
1252,418.2328410806422
1255,435.9361964037722
1257,412.6621874660453
1259,453.62893292460853
1264,457.6146712263492
1267,459.6826049982912
1268,446.9016113228422
1270,471.45422633123445
1271,447.71064351100273
1272,450.13897760298283
1273,449.79322309781224
1275,455.2426857419247
1276,459.301674928891
1279,448.00106056321323
1285,443.18860118040146
1287,448.3977986379843
1289,455.0022643538107
1290,453.2895427332849
1291,461.20696387174735
1293,449.1047107441028
1295,461.5876243792135
1298,447.324936161262
1302,511.578629464436
1303,511.3874744162371
1308,432.9771620448166
1312,441.13639208357574
1316,455.3139308587465
1318,449.13321215152786
1322,442.7410119184944
1324,438.4803717819627
1327,454.6330513998842
1332,428.8585378300695
1334,425.12506914832267
1336,436.01067682718644
1340,412.6985650754508
1343,413.29844621624403
1349,452.4917464832084
1350,453.79123422325034
1354,471.77988872528766
1357,465.3339845619094
1359,466.1462053968935
1360,445.9591611590409
1364,453.8498254714486
1365,471.7941976513439
1367,468.1219047768481
1369,458.4896644983264
1375,474.3272230404195
1376,483.1878552604136
1377,469.46922143492225
1379,465.3245572429984
1381,463.6664796435041
1383,466.15648056826575
1384,458.01393484182154
1387,513.0887274662101
1388,484.5820303268209
1392,462.08970213104556
1398,465.3814015836892
1399,488.27013230147503
1400,463.927614348873
1401,453.1272892331886
1406,468.09286294609217
1409,468.2404810547743
1413,476.54918979955255
1422,502.7642648772837
1423,475.2673482770006
1425,467.351593619733
1430,517.0136472463325
1432,531.8819256176674
1433,517.2316472866074
1437,519.9112458877889
1438,512.4179379529673
1440,531.6574855858926
1442,511.16945957002963
1451,459.7230369879466
1453,467.9068783666906
1454,458.4544590485283
1459,430.03887862495833
1462,436.45743115888376
1465,417.48296096215535
1468,440.8437902244657
1469,415.8576964272692
1486,428.6661596288512
1488,457.04627759149497
1489,448.35496008966845
1490,457.5264444449051
1492,453.7524643806133
1493,446.75208868630415
1496,463.4257133910276
1501,454.0456065808293
1505,461.41952297229574
1506,448.0695268921804
1507,456.9018842595511
1510,451.0882486584822
1511,460.1833104223781
1512,460.1383483008092
1515,449.96645952683014
1525,523.4247625738556
1534,454.00512063324436
1541,444.86338831163033
1543,443.21410095417605
1544,448.04596139427827
1545,423.13514355047477
1549,411.68966807101407
1551,418.70888691816134
1554,415.14614594518105
1556,423.52002406813654
1561,412.70810802366174
1563,418.94099415116654
1570,446.6952246859197
1571,464.45932545783626
1572,471.2480109862666
1582,491.4211286963458
1584,468.2878211199416
1587,476.6099989507373
1588,474.5347637905427
1593,475.75696920558534
1594,460.65433392486045
1595,461.9315003820385
1596,472.39783225037564
1600,503.5785423150351
1601,470.5218675237191
1602,470.6396434291305
1603,499.81677622599705
1605,452.00339086171624
1607,494.51892532660406
1611,486.97613127992184
1614,471.37113299065743
1615,451.8746307685046
1616,483.22429656800745
1617,468.718075362072
1620,466.7427764837662
1621,464.5866335768231
1625,466.2309238120526
1626,465.83166709911706
1627,500.49780856866414
1632,459.74300301890963
1636,471.38367220980024
1638,471.52511811822063
1640,467.32899447007804
1641,477.35554512393537
1642,463.4978373470431
1644,487.6003979221164
1647,446.7515183968135
1648,496.424082704032
1650,467.87731941361864
1652,446.71652243316373
1654,487.4389735342985
1661,515.0251555700414
1662,503.7363815503696
1666,426.8652729904456
1671,436.0532678783976
1677,468.9494384441082
1680,519.5119216009317
1684,465.5199234723627
1688,415.207559367563
1691,431.739702383458
1693,428.2953210771995
1694,433.43970673690404
1706,429.6344015367824
1716,427.6012509459082
1718,453.33665673358195
1719,446.79761492878134
1721,458.710232707274
1724,447.68349997944335
1728,446.9016727743406
1730,458.8024643976871
1732,458.64354907291465
1733,459.18728801039487
1736,448.571311090031
1738,446.9179225321405
1739,459.3888437387201
1741,453.4539111109437
1742,452.0325238731125
1743,457.48946579266345
1744,461.8781011981254
1748,456.8160711419021
1750,447.0042478293167
1753,460.4553167092092
1755,461.6268251438371
1758,459.9342259344263
1760,509.1366134429825
1766,417.14007112096664
1769,444.21819525253574
1774,425.9059512721121
1783,416.6811972787585
1798,468.40666794266065
1801,470.76797713377
1805,463.97274857114905
1818,459.41171668408725
1820,473.7223798598812
1822,460.1783656445244
1823,467.2625928706702
1827,455.4104056989519
1830,450.6407777572089
1838,473.6526818201511
1846,465.9927922670123
1852,465.0578223166939
1854,463.5879916820113
1858,467.65879939891454
1859,471.3214920223968
1860,482.76986109150357
1861,473.8671018182775
1865,513.3706773800858
1866,491.8947370274623
1869,473.6118316320711
1872,468.4485560042515
1875,529.7092120199121
1876,523.8353352819329
1877,517.779516315906
1878,518.8884992856106
1891,447.7301537946199
1892,446.850077446535
1893,458.7344449177642
1899,465.7857974258349
1903,466.52840689104085
1906,464.69356611793705
1908,411.73493000603156
1909,431.222242794297
1915,428.9663252731978
1916,430.0459123911885
1920,451.9560902226375
1921,413.25868912203
1928,442.4004862502998
1929,411.53996935236637
1932,411.50775611367465
1942,413.47264969406984
1943,426.70874197101296
1945,426.9394581404451
1946,426.9792885901506
1948,459.5026326499494
1950,458.9272331892267
1952,451.5026186219258
1959,456.11425122197863
1960,460.62683648136726
1961,450.10222254454766
1965,455.7851677845792
1967,446.98710585580426
1974,449.1521740106476
1975,454.6249296828447
1978,458.7813410387926
1979,451.0193881012754
1980,505.0657356100676
1985,450.091748921068
1987,455.43098020827415
1991,453.590482883957
1997,437.074677645067
2003,419.90148895532144
2023,476.8657009147863
2026,475.8853995000337
2027,460.20317739327976
2028,457.927774921353
2030,459.3299821276876
2033,450.7158110384632
2034,473.8725617352814
2036,465.86601440867133
2038,461.26514520765306
2044,463.26369934525013
2047,476.4925838750197
2051,441.51375849469923
2053,461.2586998360642
2055,495.0549584689484
2058,450.9807113738672
2061,454.76937823195067
2062,467.7387856876182
2067,465.2572576014111
2070,473.84580872399414
2072,483.06621641600043
2073,457.9719701559239
2075,454.9552763098555
2076,459.40367556007516
2078,474.2077387269393
2079,462.3715092452206
2080,466.48462105712275
2083,465.95959612150705
2086,469.6681530634604
2088,467.3281373451488
2089,446.92393237433686
2090,471.1336142762772
2091,487.75221326344115
2094,465.1872169352834
2096,456.8297386435848
2108,465.91232271627985
2109,466.34120468846
2110,465.60870062004176
2112,471.3121002525371
2116,468.8689781880393
2118,467.5761384644521
2120,458.83877296697824
2121,464.83528155256624
2124,452.56697349067247
2126,520.5392587097577
2129,534.7126732760102
2130,535.8711747646952
2138,446.9992001510617
2141,433.2225688387735
2142,411.97468453482355
2144,452.1832942065407
2149,473.86088736957555
2150,451.820940173889
2153,517.6091698377986
2154,513.5167650231499
2157,429.6401003183743
2161,426.9163731588517
2164,416.2634509147755
2166,431.35410588209646
2170,427.6358113674754
2184,412.37659197853833
2185,430.8398566813667
2188,424.0187898204972
2191,413.56772233876075
2192,446.98123086326126
2198,447.6797091912891
2199,448.619204491582
2202,451.44480743794423
2205,446.71715211475413
2208,447.09675613888135
2211,448.8288625410279
2216,452.37666830835974
2217,461.43996364344434
2219,450.9103123580417
2220,449.9472307229903
2221,454.45592628535445
2222,448.63287265886487
2227,453.012946397308
2233,430.2000088883846
2234,421.2126490654638
2237,448.24208529269686
2242,462.91522905212787
2244,448.0344815426977
2247,442.9404949034841
2248,420.87974713731205
2251,422.4541813813688
2253,411.9171587154029
2259,417.463430521658
2260,414.46250818797705
2261,412.5017376860711
2267,467.47204839292897
2269,473.613290226904
2271,468.14650175940966
2278,449.5907636194059
2279,462.2406571727291
2282,473.98403020053706
2284,464.0045158847668
2293,474.6901741997216
2296,467.66931771287176
2300,470.4657705842469
2307,481.33128733684185
2308,474.1635777618374
2312,465.94881973843644
2315,462.34228349521163
2317,474.22349318125737
2320,456.60429110323605
2322,464.0684995888201
2323,469.44881287097866
2325,470.5192009614329
2326,461.49506902068276
2327,462.57674241887065
2330,470.685014206333
2331,446.85516010995985
2338,499.2344637831466
2340,460.2377389007999
2341,482.5297518113691
2343,528.4884903325301
2345,512.0694794086075
2346,530.632510819144
2356,446.70256391310596
2359,445.81810886724895
2364,510.3334094477186
2369,470.56841317987255
2371,512.793080531595
2375,439.50727339415494
2380,429.03742195925366
2381,428.6350845669749
2390,429.47835990616005
2397,429.86678385749946
2398,415.56856316076437
2401,411.9502157499378
2410,452.3658482577426
2413,455.1710345161577
2414,449.69913832965415
2415,450.23063655186485
2416,456.0569225800315
2419,454.0393704618491
2421,451.059610578091
2422,455.3714773837921
2426,454.3789337114231
2429,450.2549338322935
2433,449.6886931178954
2435,450.67135985083485
2436,453.80198551289214
2437,456.13106726314936
2442,446.7745266611738
2446,447.8791141506103
2449,455.64090975880777
2450,456.0341205022121
2451,449.94560742001295
2452,459.61232317420075
2453,458.02248302379405
2462,470.6493091861282
2467,436.7879786486987
2471,455.319332615526
2473,447.8192434159888
2478,422.13755631813945
2483,422.5502583819696
2485,423.4672342996233
2486,416.32933575149747
2487,422.95882369532694
2490,422.1920618865736
2494,455.06384533249087
2504,465.35189388113525
2508,451.45839845159134
2512,446.4017269894005
2513,468.09117901645436
2514,467.8522595049365
2516,483.49543383171863
2517,464.0474596924153
2519,474.0192951325043
2521,482.28995741427394
2522,464.85080403682025
2523,460.3507051605872
2524,462.5153162351287
2528,463.4496891545788
2534,466.1143399954265
2537,479.6369201980211
2542,477.1882180598783
2549,474.38618944489366
2551,467.2726959586298
2552,469.64099688371107
2554,462.64052240536097
2555,460.66121853342037
2557,481.25477907058377
2558,467.20623389237903
2562,480.34429257710985
2565,481.8270235346349
2566,478.5466808151479
2571,479.90538256603236
2574,513.0686910749491
2575,468.13663349214715
2578,477.2563795414036
2579,466.60340620686736
2581,474.04552321510454
2585,528.7371816645785
2586,504.17019227614566
2589,519.3586375914294
2590,525.290484939427
2596,415.27529701286966
2603,458.6644492708553
2612,470.92862005780876
2613,465.2189225795984
2622,426.6389279627396
2629,412.6695555666293
2630,436.0539102404532
2642,432.0702668820862
2643,414.0539687950631
2644,427.2722352322661
2646,424.8365956294833
2647,430.29444849403063
2652,428.4787760700264
2653,413.2560632956846
2654,414.37496204759054
2655,429.8499343257792
2661,429.0765176285503
2662,430.01154125246103
2665,464.0676606699408
2668,459.30158436212986
2669,446.801937983803
2670,447.14549158001836
2680,454.6951716050195
2682,452.19222259955285
2684,460.07632979220597
2685,447.8556279800692
2689,459.2287877841342
2690,458.78567231838446
2692,458.5943803278101
2693,459.3975393494128
2694,447.8283983169903
2695,453.0384678080123
2698,451.87173779873325
2700,475.6234740279254
2702,431.5961925865312
2708,430.68122619006533
2715,421.53167127143206
2717,435.4820579239914
2718,450.0384934932853
2729,412.8390403833673
2733,418.1088792470575
2737,414.04905259222585
2747,515.0929397887433
2748,472.63357706838684
2751,476.1794696011193
2752,479.62632932727416
2753,447.5581187486455
2754,482.2685387583038
2758,448.6543428091129
2759,471.35354827965256
2760,467.3318850203408
2766,466.6476155749026
2767,475.59771543333716
2768,448.1381142929469
2769,468.53233224383956
2774,480.26838489127323
2777,478.4119042520872
2779,474.33942411228503
2782,467.1615706904357
2786,474.2673808011267
2787,466.6147032543731
2789,470.8073295711481
2792,483.47747966488043
2795,475.94152627186855
2799,482.3433603721006
2800,479.94939283446354
2805,473.61260411809627
2806,469.1990542560597
2808,489.35662343685965
2810,465.4399199901883
2814,479.84792773221176
2825,465.11874504914823
2826,468.6743286621836
2828,474.33030282878815
2838,531.3777333981819
2839,529.5282309507804
2841,525.4241446143604
2849,462.82987435553747
2856,459.9074670342024
2857,499.32746705263685
2859,464.9237072343457
2860,471.5680888329714
2863,412.64177793968423
2866,425.9270140242733
2874,418.6289852961821
2881,428.8767084125055
2884,429.38129731984446
2901,450.79526022839644
2902,458.13407587263777
2904,453.4505012360816
2905,447.8161780233048
2906,459.8248881825404
2908,446.7774730805758
2909,446.72879016169446
2912,456.7798713714943
2913,456.6237179584156
2914,448.56013265039104
2916,451.5970911137479
2922,458.21508316299145
2924,457.43027945874786
2925,509.72365772610885
2928,454.0241097210537
2931,456.66966888584994
2932,424.4287425933446
2948,411.52121757585616
2949,416.9093097948045
2950,416.9160875436728
2953,412.300814156961
2956,417.72752806343374
2961,416.8918748173291
2963,639.4616137241887
2967,463.0166410717727
2972,471.5402735879225
2979,457.2206083376567
2983,467.97487928772784
2984,446.8347321286148
2985,473.0427567114227
2988,464.87779269157807
2991,465.6791347332542
2996,484.9076249420964
2997,447.70538834318006
2998,471.18382751284
2999,479.6457604843583
3000,427.012577308571
3006,456.979603996217
3007,474.3026967534603
3009,465.09932322002805
3012,471.1204573819661
3013,450.9759044676436
3016,495.52813871944124
3019,479.3929628476013
3020,472.4697632490438
3021,452.6478377272903
3022,449.8255497213984
3025,455.960560133779
3026,471.2230864280681
3027,466.3045873104632
3030,444.803529955388
3032,468.1026174734209
3033,453.4754166068401
3038,492.0996036252908
3041,484.7420271070764
3043,481.1668667877092
3044,448.22935379472676
3049,502.2357708348511
3056,531.1875965500822
3057,520.0462217607393
3059,534.5683041096639
3062,517.6403352096668
3067,531.0517591281413
3069,521.4260388853629
3071,503.42954802157
3073,446.93466563814786
3081,512.7778509648364
3082,451.23281131313126
3085,429.0960533097751
3086,412.4873886734061
3088,413.19391857525403
3101,423.07649838582995
3103,416.6403360726097
3106,417.43251945340734
3109,428.70935969485214
3113,455.9821526653266
3114,459.31779398401613
3115,448.95064310026044
3116,453.54210307629353
3117,452.5149094773662
3118,449.2313044387609
3119,456.4915382633081
3120,447.1398231675034
3121,461.4551010192589
3122,452.6652879988631
3123,453.9734067362953
3125,458.3729052455761
3127,460.62088978584234
3130,453.47827398251457
3132,463.9280248828663
3136,455.85339232386656
3138,459.53230815649675
3139,446.76693799894
3149,433.7304674102639
3153,437.3713069519528
3158,435.2214563820325
3159,462.9729272603125
3169,423.0126279749988
3175,421.9506245174227
3177,413.86143670464446
3179,422.50245016576025
3181,420.9139499784
3182,418.39309035738944
3185,470.6868802466497
3189,467.84063929337725
3193,467.8756573742177
3195,473.1875188204206
3199,473.7875138503524
3202,452.44527028215293
3204,483.2909909469938
3209,465.74266389055117
3214,460.91777214402924
3215,474.594164456754
3218,454.2436367143854
3221,471.9597092508162
3231,460.09200074354476
3234,456.236237595424
3242,477.29310465501567
3243,458.52581789677464
3247,460.38316401817633
3248,472.3825552979017
3249,466.3759421375937
3257,472.9294325024253
3258,466.4291330915772
3259,462.3668966774006
3260,481.09837772485935
3265,468.0462185478739
3270,474.5948605673769
3272,446.49701716879906
3275,470.2850669970221
3276,465.92856491399573
3277,516.5952443770625
3280,523.5149596280905
3283,512.2296341343954
3285,525.74084860624
3287,518.305439267988
3292,430.9938382576092
3296,420.72862546183853
3300,421.21018915841336
3302,478.2887802638089
3306,464.5287093074248
3308,417.2504285673351
3321,420.81151017285066
3325,425.96984567675696
3331,421.70605708063835
3332,432.6092011509588
3336,413.32973824603135
3344,425.35919972879276
3348,416.62423744403185
3356,439.8129981161928
3357,413.4196579354001
3359,453.6744980682672
3360,453.2494973612201
3368,446.9159910863334
3371,453.95519129603605
3372,459.0650834828861
3374,458.2621342382615
3375,447.46524202619935
3377,456.5371415007743
3378,453.72602265281023
3379,473.1475966598276
3383,472.27319000021447
3387,446.76611662490177
3390,523.982597459636
3391,510.37581447609904
3392,505.52222312437243
3395,436.57150290979456
3400,419.7119421999485
3403,436.09332591777087
3405,448.0280060662376
3411,452.62643464904966
3418,417.24012307621547
3426,411.22280158286736
3430,470.5606682483006
3432,477.37487760580075
3433,480.95295052361115
3434,469.2904225341196
3435,469.5255428732272
3438,502.24896033984595
3442,469.88471274625226
3444,488.4918281499605
3447,446.45398298707283
3452,463.10836767339845
3460,471.55825134591436
3464,460.4650049712656
3470,464.00496034616276
3471,468.4814161434725
3472,466.25429017385073
3474,465.55262583686556
3481,448.4533501880326
3482,466.7823079144169
3483,471.9420652196549
3484,463.9625345904905
3485,450.3304904069938
3486,474.98567582016676
3487,486.08623729626606
3488,504.3276917709082
3489,470.2447439339785
3492,491.5943104203525
3496,463.37873566361606
3498,474.5251230461894
3499,466.1386323186117
3502,459.37328567475845
3503,477.7922869794785
3506,470.78890831821815
3508,471.745249794356
3511,465.7036899241316
3513,465.87451821119413
3519,513.0822332762773
3522,516.611725588441
3523,520.1525763233702
3525,530.3990190743334
3526,510.1581526430966
3527,537.6285053842787
3530,512.2496347462552
3532,529.8965333306551
3537,448.0286033115482
3538,453.0801027810511
3542,477.8604543611325
3544,456.92061513923767
3545,477.06709152343416
3547,519.7171131379439
3549,517.2055708043473
3574,437.6054846326192
3579,436.67977035725505
3583,458.9469946000197
3584,455.61986220538296
3586,442.4698618750265
3589,457.4944525322245
3590,458.18797035641904
3592,450.00565174004345
3593,455.48375953431804
3595,459.52734592830313
3596,461.02742056956725
3598,447.96525313230404
3599,456.07565319123665
3600,455.40442324488527
3602,450.1411858272398
3605,456.27617435635455
3606,460.04308881906843
3610,457.28702580888955
3611,456.9122062918883
3613,436.4260509532297
3615,447.39708560082147
3621,415.9453634009905
3628,412.3550564751802
3629,415.4564736578412
3630,423.8307326181022
3632,410.5571925026322
3640,412.0125952925111
3641,422.31123254671934
3646,418.5994562096936
3650,459.5885197793123
3656,465.7462742475199
3658,474.83859287585955
3660,480.69019794625666
3661,476.36814615673677
3668,456.5825859202736
3671,465.318644548262
3677,465.0729461425235
3679,468.464147280796
3681,474.42606552014803
3684,446.601832406796
3686,473.3358210006757
3687,474.05318939342845
3692,467.43763453610705
3693,468.5551718191775
3694,480.2259966516162
3695,457.14673690691274
3697,474.1382986353296
3709,467.84435645663865
3710,465.1928607575256
3711,469.30869061401097
3715,474.0972439030056
3721,478.08686377897845
3723,472.1393948371664
3724,463.3626140088535
3727,458.96553380633964
3729,455.20397513815675
3736,544.136750121706
3737,510.9136264077236
3747,454.5606031948475
3748,457.78279806513444
3752,475.258449352253
3755,463.68108192445357
3763,427.66539837699133
3768,412.4137068424081
3787,442.99924525219774
3795,425.00098097914923
3797,427.68650200629645
3802,452.0106355476212
3803,457.3663162654378
3804,446.8834913775083
3805,449.59134992106766
3806,447.97270812022697
3815,459.71057727088674
3816,454.97525929613585
3818,460.0831985648255
3820,460.48140903244496
3821,453.59314675031743
3822,450.4931204483617
3823,450.4086276314196
3824,453.69409768043016
3825,448.6817351922899
3826,459.1906746677179
3831,510.34100096495115
3832,502.7331521944292
3835,452.8434809444033
3842,474.8604474526159
3844,449.1012938060628
3845,456.92699146189904
3846,453.13331585970593
3847,458.10172053627485
3857,412.53751769605265
3864,423.05972921484084
3865,420.6732172084361
3867,422.75371138161995
3869,413.87205420986595
3870,423.10481596577995
3871,415.1529895529764
3878,458.98327034932754
3879,454.9415141996491
3880,467.47374588856997
3884,472.7478412913859
3885,466.72039447008245
3887,483.68059386060503
3890,446.78755794548516
3892,450.3318663280348
3894,466.73986502362663
3896,469.94733461600583
3897,467.5167152797947
3900,481.8669800370143
3901,466.4662780576789
3903,469.72347314208724
3905,482.72209991763907
3910,459.8585945655528
3912,487.65743609222557
3914,467.4489627258824
3916,461.3938646589263
3920,469.99893732595046
3922,461.3964368447895
3924,468.0199104075842
3929,460.29008377944467
3930,467.91678686535295
3932,474.72702707671516
3937,466.2869230590662
3938,466.4107015152972
3946,476.2896056152285
3947,433.8782400690484
3948,476.90676469492684
3952,481.31706366710483
3953,464.6518161832436
3954,471.63099822193664
3955,472.20874459585923
3956,459.66746063571105
3957,465.7252102805281
3959,467.78611956678316
3962,446.4063991212761
3963,467.291007218315
3965,471.18515010133467
3970,464.0491570069492
3972,450.59859636419276
3973,446.9704513223533
3975,485.97201570230595
3976,469.2708431678108
3977,468.44062974832394
3979,515.8488114719776
3980,519.615474071651
3983,517.8056576836218
3986,528.9719241671705
3987,511.4624663876808
3990,427.61050132133767
3993,434.4374720970724
3994,464.9773653451763
3998,466.0632851078375
4003,512.1702380872856
4007,431.44965215009125
4008,423.8735989662503
4011,428.64810724844415
4013,418.7232527737339
4021,429.96655536390494
4036,429.83074660916793
4039,428.8899361997002
4043,455.53300016355047
4045,455.57456150845087
4046,434.7204073836625
4050,454.4038301197424
4051,455.89516787915267
4056,457.8289504925662
4059,446.7840527495161
4062,447.02857483090617
4064,449.36537036479257
4069,459.919733130922
4070,459.1862457490249
4073,457.6866528580204
4074,456.25586361841056
4076,462.734615810175
4080,452.9736972506393
4084,510.8838815529225
4085,512.2126596508893
4087,437.3595899811622
4092,485.6159235459033
4093,439.5559281414485
4096,434.12808283988363
4100,456.50064276653666
4104,435.33823321562414
4105,413.3274460164748
4112,414.88927621244744
4125,416.29100953588505
4127,463.973205510214
4129,460.3753382941489
4130,487.42535179786705
4135,454.1580297288539
4137,466.9620090760792
4138,474.0858487805547
4140,485.71542766466354
4141,476.830503537554
4142,473.38765703916704
4143,485.92240820848394
4144,461.5257297331369
4145,456.6382883147145
4148,471.1383610976437
4151,468.77438325353864
4153,458.27718285010417
4154,468.2368291410224
4155,467.828860338189
4158,448.9807953999858
4163,468.06791345863104
4170,465.56413021161
4172,453.72903230698074
4174,449.6646879562212
4176,475.7651221835892
4177,472.9010230401867
4183,467.34485275421065
4185,459.2223751322031
4186,448.89563592134084
4187,473.65074280686827
4188,471.3117054432362
4191,512.7212884092907
4195,465.9055818398924
4196,450.2709885502734
4199,490.9136940622102
4200,468.21466871308024
4202,455.1052532732765
4204,465.23186057639253
4207,460.0663485625699
4208,479.935402238823
4209,467.28107868196633
4210,450.6057096024247
4211,452.9468539110984
4212,490.28101480271005
4213,467.281010595068
4214,538.659500916613
4215,520.3584112692066
4219,433.0217440011733
4220,424.7820906683542
4222,433.4138527637772
4225,450.38590734554344
4226,435.4603774204135
4227,461.176676773372
4228,452.0932876418471
4231,472.98229990473027
4232,470.32492808863435
4233,463.50706406997324
4234,465.94793076085784
4239,478.01712893662807
4241,519.2188221038574
4242,413.9537396907769
4244,427.78952902175456
4249,429.78564957400306
4252,416.04982135738345
4255,413.4525107071014
4258,413.15630705221673
4265,428.3623377778733
4269,411.41553436809534
4274,455.1671183374903
4278,446.7425575772796
4282,461.14372770496436
4286,446.87715398763015
4287,456.8608912031077
4290,454.88666685075276
4291,458.34540329370884
4292,465.4977652893248
4299,451.85556789985026
4301,443.6991879723116
4302,450.7367541432786
4303,459.743533265667
4306,456.9080814596741
4309,455.82635460212447
4310,453.12864010195227
4314,455.6105744023609
4316,438.23991276891843
4317,423.13461430949417
4318,440.1722731548548
4321,455.16360252239735
4331,428.3181080792998
4336,416.37768338037716
4338,422.3229594389809
4339,416.5461989277619
4340,422.8503331237254
4344,423.25547439085534
4345,411.80907670635173
4350,417.9888379769108
4353,452.7479029508616
4356,470.14700099304383
4357,478.39167327483966
4358,473.87572434463
4370,472.301922865574
4375,477.49923787849445
4377,472.40256429618927
4381,460.542832297219
4387,488.01239420409854
4391,488.7634009748141
4392,465.8116542076387
4395,446.6183228866748
4401,480.7439898826009
4406,450.58019875088144
4408,470.01984515644216
4411,481.45995864606823
4412,465.33909836592295
4415,469.9337551729515
4416,472.42750983728683
4419,477.2418646418654
4421,466.06850105884115
4425,467.48902125366544
4431,466.61148236773647
4432,463.83831845326847
4435,473.7687532212803
4437,467.4296880214676
4439,483.8323699314261
4443,453.61439399034833
4447,531.0655830519217
4448,532.4368767448464
4454,528.9483127117485
4457,518.321031018421
4462,427.7132653763508
4464,454.1761519707068
4465,419.2663559868948
4468,461.0121231659187
4469,471.51545103640643
4473,451.85277238148643
4479,413.48638865361045
4484,449.1234368649276
4488,424.8594963927672
4490,430.12731596949794
4494,429.8949137321148
4497,414.23524413863436
4502,420.5880920706343
4509,447.9769233907012
4510,449.88922615866215
4511,455.4940097632429
4517,459.38363094526784
4519,460.5530118329536
4522,451.8310641337522
4529,455.4681028050968
4530,458.29799105807507
4534,446.9426840583572
4535,454.281904671585
4542,454.3881598967184
4543,449.2002342643422
4550,447.2151989617012
4551,415.04993763677305
4556,454.7013984967953
4563,433.6631778407443
4564,447.612504956015
4568,412.11285640648896
4572,411.61502527766396
4573,423.15816969422394
4575,416.44984834098346
4577,412.75716743548617
4578,423.32103987742687
4587,479.94779789319495
4589,450.5964493833322
4594,456.80641538805344
4595,477.68070538032765
4600,485.77010633249375
4601,476.4311645391344
4607,463.80986563506224
4609,472.62130382084575
4611,473.0384659250241
4612,472.97004386322845
4613,465.5192640574072
4614,466.7595757900741
4618,475.9841457073138
4623,471.93149660189516
4624,480.484520856551
4626,464.1199589003186
4629,473.8503531563241
4631,454.53180346378844
4632,480.8373315479324
4634,462.89540687984106
4636,467.0487478192137
4637,469.7229010473634
4638,484.240782709559
4640,475.94265032337046
4642,462.61699025865653
4644,462.3840706341561
4645,447.08112595130007
4650,473.65486732124646
4653,497.96486935578173
4656,456.35743976272164
4657,502.5487945940463
4661,474.5758670918322
4663,467.07510107890056
4665,463.72035348627105
4667,462.89445246362885
4669,474.8429802643875
4671,487.80560335569345
4673,479.0313928524756
4675,470.3268852311495
4677,482.01009125425617
4680,461.27022058545134
4685,527.9512242305375
4686,531.4845762015991
4687,519.6704800416774
4689,528.7108234101414
4719,453.1909157619076
4720,475.17509304480404
4722,446.05985557808685
4723,449.80214290750087
4724,448.4981315067497
4725,447.9064398831927
4730,454.9878729897415
4732,445.0045205550389
4734,446.2231450865737
4738,448.55090852287395
4739,458.7679290120901
4741,448.2408939416569
4742,449.43949809914733
4743,446.22310799014525
4744,451.23778657804263
4745,445.7759029419085
4746,445.3478520925352
4747,449.16708077916354
4748,445.244797863212
4752,445.024857716009
4754,463.7931780289894
4755,446.4441015841529
4758,442.995780417627
4761,449.4492287767526
4762,449.0413736260726
4763,444.8805301837788
4766,450.0665048759628
4767,451.884522596345
4769,453.6512436543431
4770,449.4206248713565
4772,447.6407294212612
4773,450.295024952338
4774,457.4252428703628
4775,450.06126470563186
4776,448.47677743872913
4778,448.12733030992894
4779,448.68484854823146
4781,448.7323814201496
4784,447.7365804912851
4786,449.03216861783767
4788,449.7478375470359
4789,450.2473605454696
4790,455.9257566619451
4792,451.8752549590645
4794,448.59074057621916
4795,455.45754301243875
4796,445.6078377757553
4797,450.4777704285253
4799,444.4890339487943
4801,448.42097740151894
4802,445.61616499792103
4803,448.95488576271447
4805,449.09031842324964
4806,447.62164836010055
4807,451.45435337740724
4809,444.5479796247363
4810,456.54100510609885
4812,454.8097099459847
4813,443.6198786085555
4815,449.8739482820538
4816,446.302395964029
4817,446.14570020040225
4819,447.1208226371548
4820,446.3825092869103
4821,445.85619491157297
4823,451.43991229410983
4825,448.12807730342047
4826,449.1069862259036
4829,466.6848283877727
4830,450.8699448560258
4832,444.03060018582175
4833,447.0089243783304
4834,456.893136911371
4835,465.71675673855503
4836,450.4069976745478
4837,450.8583514116363
4838,446.26635998446454
4839,456.7814045868111
4840,447.7148262786262
4844,447.19962556647585
4845,453.67396286757554
4846,450.2762830881074
4847,444.80836007585015
4850,445.17563431510746
4851,445.7028786388139
4852,447.73218565892927
4853,448.82024254258806
4855,465.6390516064884
4856,450.83033351007373
4857,444.8256191830844
4858,449.88224733820687
4861,450.52390312182763
4863,456.03436901251985
4864,446.07937549786493
4865,451.23623110209013
4868,452.2662780775737
4869,446.95719291145383
4870,451.1747222248935
4874,451.15052447666835
4875,453.3387965613308
4876,450.69898717380596
4877,449.84423528298606
4878,449.01931137629526
4880,450.29696403122466
4881,449.373791840277
4882,445.09988356418296
4883,448.9733620501972
4884,462.31752648237415
4885,443.7381522712217
4886,453.7111300465856
4888,447.7792686991947
4889,450.6196578665182
4891,449.7300884171475
4892,447.40558959032006
4894,452.5439407918245
4895,448.45577181578494
4897,468.4024345080468
4898,450.1362805062349
4900,453.36967661719666
4901,456.67983673845805
4906,460.1543796592837
4908,445.4592308887977
4909,448.61659325684536
4911,450.48136748896377
4912,445.4911109481356
4913,447.48810571447336
4914,447.92549581851694
4915,446.3371365521022
4917,448.88478881108256
4918,447.7352906358928
4919,452.70408080389643
4921,451.37279068707034
4923,448.16040223000306
4924,449.7776051922565
4925,449.7987907297024
4926,455.7674188897394
4928,453.947454479844
4929,450.320075933845
4930,448.6979483999017
4934,448.61208674251355
4935,448.2388703011673
4936,458.21226890627094
4937,445.65198951869104
4938,448.9324090390898
4940,447.60015338544
4942,449.78577241362575
4943,447.60980116965794
4945,447.3140218777821
4946,449.3193966715987
4947,443.8052871333507
4948,444.5260260225343
4949,451.33052949138363
4950,447.6833196335791
4951,447.51610736469786
4953,449.09042917992497
4954,449.5647641031628
4956,453.5302925107624
4957,452.8845104216522
4958,448.56335772474284
4959,445.3499632539385
4960,455.57345497770893
4961,454.42338914953837
4962,447.7304610497294
4965,452.68676283679093
4966,450.0268372514493
4967,446.92231412391845
4968,459.4904038652496
4970,465.36084090356036
4971,449.4735653189054
4974,450.7104042193818
4975,456.12742267920396
4976,448.2412397371886
4978,448.3458745018443
4980,455.3332667348404
4982,444.4626320413489
4983,448.2353534103397
4987,451.3740342505138
4988,450.3897778304484
4989,457.8336779824211
4990,456.21079738171284
4991,445.3939820168929
4992,448.4457007642657
4993,447.8622912907399
4994,445.6907524041853
4995,453.47647332426953
4996,450.42958917295533
4998,447.00681385005043
5001,450.2439906195728
5002,452.06650254273325
5003,445.9673569814609
5004,453.01359842533327
5006,442.30341308262183
5007,455.5772516999214
5008,451.5552447905769
5009,449.6459356627736
5010,445.7653616046625
5011,445.9019459809854
5013,451.6927065585431
5014,445.92425643513764
5015,446.6839929434063
5020,467.8605138607144
5021,485.2884630627895
5031,433.62768890826175
5032,435.5828700699469
5041,441.9837707812787
5043,458.1638112688331
5046,446.5624036169298
5047,443.7045602232455
5054,449.63050031322575
5056,439.34424855780753
5057,445.6859555334205
5058,433.16559733226876
5062,449.21142463245104
5065,438.4944105724066
5066,441.1194096900267
5074,450.0578924623322
5082,441.6096674787239
5084,434.4702141279424
5087,458.86945033441543
5095,446.11779329097993
5098,457.20897603074104
5100,437.2001010267942
5106,438.3796043201448
5107,436.010995776918
5117,445.3424579997334
5127,444.78840129100985
5128,444.38980311430055
5130,434.2678207090817
5131,439.53129492708695
5135,463.32758637075534
5136,445.16003107869415
5137,438.6853400275635
5149,449.40328983376503
5150,451.4095818340782
5151,446.57009332369074
5155,452.5428217571514
5162,436.6973800471672
5163,438.68645934013915
5166,446.55701449066436
5170,449.1801954108983
5171,442.64960331139935
5181,438.57749592722547
5187,449.3237067731582
5189,443.5763185063282
5190,457.11384828349236
5191,449.500141261635
5196,440.16524817392525
5197,436.69591325716095
